month,month,pressure
1,1.0,862.4885057471264
2,2.0,889.4550561797753
3,3.0,877.3229166666666
4,4.0,806.3298969072165
5,5.0,748.5570469798657
6,6.0,745.0544217687075
7,7.0,795.1056338028169
8,8.0,873.8297872340426
9,9.0,913.3059701492538
10,10.0,887.3125
11,11.0,857.0144927536232
12,12.0,842.156626506024
